Row,Label
1,positive
2,negative
3,negative
4,positive
5,negative
6,positive
7,positive
8,negative
9,negative
10,positive
11,negative
12,negative
13,negative
14,negative
15,positive
16,negative
17,positive
18,negative
19,positive
20,negative
21,positive
22,negative
23,negative
24,positive
25,positive
26,negative
27,positive
28,positive
29,negative
30,positive
31,positive
32,negative
33,positive
34,positive
35,negative
36,negative
37,positive
38,negative
39,negative
40,positive
41,negative
42,positive
43,negative
44,negative
45,negative
46,positive
47,positive
48,negative
49,positive
50,positive
51,positive
52,negative
53,positive
54,negative
55,positive
56,positive
57,negative
58,negative
59,negative
60,negative
61,negative
62,negative
63,positive
64,positive
65,negative
66,negative
67,positive
68,negative
69,negative
70,negative
71,positive
72,positive
73,negative
74,positive
75,positive
76,positive
77,positive
78,negative
79,negative
80,negative
81,negative
82,negative
83,negative
84,positive
85,negative
86,positive
87,negative
88,positive
89,positive
90,negative
91,negative
92,negative
93,positive
94,positive
95,positive
96,negative
97,negative
98,positive
99,positive
100,positive
101,negative
102,positive
103,negative
104,positive
105,positive
106,positive
107,negative
108,negative
109,negative
110,positive
111,positive
112,negative
113,negative
114,negative
115,negative
116,negative
117,negative
118,positive
119,negative
120,positive
121,positive
122,positive
123,negative
124,negative
125,positive
126,positive
127,positive
128,negative
129,positive
130,positive
131,positive
132,negative
133,positive
134,positive
135,positive
136,negative
137,negative
138,negative
139,positive
140,positive
141,positive
142,negative
143,negative
144,positive
145,negative
146,negative
147,negative
148,positive
149,negative
150,positive
151,positive
152,positive
153,positive
154,negative
155,positive
156,positive
157,positive
158,negative
159,negative
160,negative
161,positive
162,negative
163,negative
164,positive
165,negative
166,negative
167,negative
168,positive
169,positive
170,positive
171,positive
172,negative
173,negative
174,negative
175,negative
176,positive
177,negative
178,positive
179,positive
180,positive
181,positive
182,positive
183,positive
184,negative
185,positive
186,positive
187,positive
188,negative
189,positive
190,positive
191,positive
192,negative
193,positive
194,negative
195,positive
196,positive
197,negative
198,negative
199,negative
200,negative
201,positive
202,positive
203,negative
204,positive
205,positive
206,positive
207,positive
208,negative
209,negative
210,positive
211,negative
212,negative
213,negative
214,positive
215,positive
216,negative
217,negative
218,negative
219,negative
220,positive
221,positive
222,positive
223,negative
224,positive
225,positive
226,negative
227,positive
228,negative
229,positive
230,negative
231,negative
232,positive
233,negative
234,negative
235,negative
236,positive
237,negative
238,negative
239,negative
240,negative
241,positive
242,positive
243,positive
244,negative
245,positive
246,negative
247,positive
248,positive
249,negative
250,positive
251,positive
252,positive
253,positive
254,negative
255,positive
256,positive
257,positive
258,positive
259,positive
260,negative
261,positive
262,positive
263,negative
264,negative
265,negative
266,positive
267,negative
268,negative
269,positive
270,negative
271,positive
272,positive
273,positive
274,positive
275,negative
276,negative
277,positive
278,negative
279,negative
280,positive
281,positive
282,negative
283,negative
284,positive
285,positive
286,negative
287,positive
288,positive
289,negative
290,positive
291,positive
292,negative
293,positive
294,negative
295,positive
296,positive
297,positive
298,negative
299,positive
300,positive
301,negative
302,negative
303,positive
304,negative
305,positive
306,positive
307,positive
308,positive
309,positive
310,positive
311,positive
312,negative
313,negative
314,positive
315,negative
316,negative
317,positive
318,negative
319,negative
320,positive
321,positive
322,positive
323,positive
324,positive
325,negative
326,negative
327,negative
328,positive
329,negative
330,negative
331,positive
332,negative
333,positive
334,positive
335,positive
336,negative
337,positive
338,positive
339,positive
340,positive
341,positive
342,negative
343,negative
344,positive
345,positive
346,positive
347,negative
348,positive
349,negative
350,positive
351,positive
352,positive
353,positive
354,negative
355,negative
356,positive
357,negative
358,positive
359,positive
360,positive
361,positive
362,negative
363,positive
364,negative
365,positive
366,negative
367,negative
368,positive
369,positive
370,positive
371,positive
372,negative
373,positive
374,negative
375,positive
376,positive
377,positive
378,positive
379,negative
380,positive
381,negative
382,positive
383,negative
384,negative
385,positive
386,positive
387,positive
388,negative
389,negative
390,positive
391,positive
392,negative
393,positive
394,positive
395,negative
396,positive
397,positive
398,positive
399,negative
400,positive
401,negative
402,positive
403,positive
404,negative
405,positive
406,positive
407,positive
408,negative
409,positive
410,positive
411,positive
412,negative
413,positive
414,negative
415,positive
416,negative
417,positive
418,negative
419,positive
420,positive
421,positive
422,negative
423,positive
424,positive
425,positive
426,negative
427,positive
428,positive
429,negative
430,positive
431,negative
432,positive
433,negative
434,negative
435,positive
436,negative
437,positive
438,positive
439,negative
440,negative
441,positive
442,negative
443,positive
444,negative
445,positive
446,positive
447,positive
448,positive
449,positive
450,negative
451,positive
452,positive
453,negative
454,negative
455,negative
456,positive
457,negative
458,positive
459,positive
460,positive
461,positive
462,negative
463,positive
464,negative
465,positive
466,positive
467,positive
468,negative
469,positive
470,negative
471,positive
472,positive
473,negative
474,positive
475,negative
476,positive
477,positive
478,negative
479,negative
480,negative
481,positive
482,negative
483,negative
484,positive
485,positive
486,positive
487,negative
488,positive
489,negative
490,negative
491,negative
492,positive
493,negative
494,negative
495,positive
496,positive
497,positive
498,positive
499,positive
500,positive
